edge_type,reason,source,source_type,target,target_type,warnings
fetched_as,document.source_id links to source,source:src_search_ff1cee7a6f74,source,document:doc_001,document,
fetched_as,document.source_id links to source,source:src_search_e47f7e6085a6,source,document:doc_002,document,
fetched_as,document.source_id links to source,source:src_search_1b15a2673061,source,document:doc_003,document,
fetched_as,document.source_id links to source,source:src_search_ff1cee7a6f74,source,document:doc_004,document,
fetched_as,document.source_id links to source,source:src_search_2466312a2ac3,source,document:doc_006,document,
fetched_as,document.source_id links to source,source:src_search_5b96994980c5,source,document:doc_007,document,
fetched_as,document.source_id links to source,source:src_search_dccb1d80faf5,source,document:doc_008,document,
fetched_as,document.source_id links to source,source:src_search_7813d28aa66e,source,document:doc_009,document,
fetched_as,document.source_id links to source,source:src_search_739c5a440dbf,source,document:doc_010,document,
fetched_as,document.source_id links to source,source:src_search_89fe45c6c3cc,source,document:doc_011,document,
fetched_as,document.source_id links to source,source:src_search_ebff1481f418,source,document:doc_012,document,
fetched_as,document.source_id links to source,source:src_search_6d302758cdcd,source,document:doc_013,document,
fetched_as,document.source_id links to source,source:src_search_c95c26c7b200,source,document:doc_014,document,
fetched_as,document.source_id links to source,source:src_search_e47f7e6085a6,source,document:doc_015,document,
fetched_as,document.source_id links to source,source:src_search_2f0a4cb6cf21,source,document:doc_016,document,
fetched_as,document.source_id links to source,source:src_search_1b15a2673061,source,document:doc_017,document,
fetched_as,document.source_id links to source,source:src_search_a528d9bf475d,source,document:doc_018,document,
fetched_as,document.source_id links to source,source:src_search_79e3303d15e2,source,document:doc_019,document,
fetched_as,document.source_id links to source,source:src_search_275b134ca50b,source,document:doc_020,document,
fetched_as,document.source_id links to source,source:src_search_040dd0cc2a13,source,document:doc_021,document,
fetched_as,document.source_id links to source,source:src_search_3c62a0b5d9d6,source,document:doc_022,document,
fetched_as,document.source_id links to source,source:src_search_08ff4e621e6d,source,document:doc_023,document,
fetched_as,document.source_id links to source,source:src_search_39cef9614d66,source,document:doc_024,document,
fetched_as,document.source_id links to source,source:src_search_0a7b36e413fd,source,document:doc_025,document,
fetched_as,document.source_id links to source,source:src_search_7edb5942f160,source,document:doc_026,document,
fetched_as,document.source_id links to source,source:src_search_d4520b372d72,source,document:doc_027,document,
fetched_as,document.source_id links to source,source:src_search_0fff1ff8aec5,source,document:doc_028,document,
fetched_as,document.source_id links to source,source:src_search_7c93d846b7e6,source,document:doc_029,document,
fetched_as,document.source_id links to source,source:src_search_421d9a4e7d1c,source,document:doc_030,document,
fetched_as,document.source_id links to source,source:src_search_e0370422d92f,source,document:doc_031,document,
fetched_as,document.source_id links to source,source:src_search_2a8f5ab401f0,source,document:doc_032,document,
fetched_as,document.source_id links to source,source:src_search_4fcd8a7806fd,source,document:doc_033,document,
fetched_as,document.source_id links to source,source:src_search_4113f9b4d265,source,document:doc_034,document,
fetched_as,document.source_id links to source,source:src_search_2803152d7acd,source,document:doc_035,document,
fetched_as,document.source_id links to source,source:src_search_7a2a0b4aafab,source,document:doc_036,document,
fetched_as,document.source_id links to source,source:src_search_56ae1d93a391,source,document:doc_037,document,
fetched_as,document.source_id links to source,source:src_search_5e5db7631a59,source,document:doc_038,document,
fetched_as,document.source_id links to source,source:src_search_56888319c899,source,document:doc_039,document,
fetched_as,document.source_id links to source,source:src_search_788fc63b0a32,source,document:doc_040,document,
fetched_as,document.source_id links to source,source:src_search_5d420ffb46a3,source,document:doc_041,document,
fetched_as,document.source_id links to source,source:src_search_50b73d583e75,source,document:doc_042,document,
fetched_as,document.source_id links to source,source:src_search_3ca7d0dccaf3,source,document:doc_043,document,
fetched_as,document.source_id links to source,source:src_search_0ecd29cced03,source,document:doc_044,document,
fetched_as,document.source_id links to source,source:src_search_ab285e09d5d1,source,document:doc_045,document,
extracted_into,record.supporting_chunk_id links to evidence chunk,evidence_chunk:chunk_src_search_ff1cee7a6f74_023,evidence_chunk,raw_record:rec_src_search_ff1cee7a6f74_001,raw_record,
extracted_into,record.supporting_chunk_id links to evidence chunk,evidence_chunk:chunk_src_search_ff1cee7a6f74_023,evidence_chunk,raw_record:rec_src_search_ff1cee7a6f74_002,raw_record,
extracted_into,record.supporting_chunk_id links to evidence chunk,evidence_chunk:chunk_src_search_ff1cee7a6f74_024,evidence_chunk,raw_record:rec_src_search_ff1cee7a6f74_003,raw_record,
extracted_into,record.supporting_chunk_id links to evidence chunk,evidence_chunk:chunk_src_search_ff1cee7a6f74_024,evidence_chunk,raw_record:rec_src_search_ff1cee7a6f74_004,raw_record,
extracted_into,record.supporting_chunk_id links to evidence chunk,evidence_chunk:chunk_src_search_ff1cee7a6f74_024,evidence_chunk,raw_record:rec_src_search_ff1cee7a6f74_005,raw_record,
extracted_into,record.supporting_chunk_id links to evidence chunk,evidence_chunk:chunk_src_search_ff1cee7a6f74_024,evidence_chunk,raw_record:rec_src_search_ff1cee7a6f74_006,raw_record,
extracted_into,record.supporting_chunk_id links to evidence chunk,evidence_chunk:chunk_src_search_ff1cee7a6f74_022,evidence_chunk,raw_record:rec_src_search_ff1cee7a6f74_007,raw_record,
extracted_into,record.supporting_chunk_id links to evidence chunk,evidence_chunk:chunk_src_search_ff1cee7a6f74_030,evidence_chunk,raw_record:rec_src_search_ff1cee7a6f74_008,raw_record,
extracted_into,record.supporting_chunk_id links to evidence chunk,evidence_chunk:chunk_src_search_ff1cee7a6f74_033,evidence_chunk,raw_record:rec_src_search_ff1cee7a6f74_009,raw_record,
extracted_into,record.supporting_chunk_id links to evidence chunk,evidence_chunk:chunk_src_search_ff1cee7a6f74_034,evidence_chunk,raw_record:rec_src_search_ff1cee7a6f74_010,raw_record,
extracted_into,record.supporting_chunk_id links to evidence chunk,evidence_chunk:chunk_src_search_ff1cee7a6f74_027,evidence_chunk,raw_record:rec_src_search_ff1cee7a6f74_011,raw_record,
extracted_into,record.supporting_chunk_id links to evidence chunk,evidence_chunk:chunk_src_search_ff1cee7a6f74_027,evidence_chunk,raw_record:rec_src_search_ff1cee7a6f74_012,raw_record,
extracted_into,record.supporting_chunk_id links to evidence chunk,evidence_chunk:chunk_src_search_ff1cee7a6f74_028,evidence_chunk,raw_record:rec_src_search_ff1cee7a6f74_013,raw_record,
extracted_into,record.supporting_chunk_id links to evidence chunk,evidence_chunk:chunk_src_search_ff1cee7a6f74_028,evidence_chunk,raw_record:rec_src_search_ff1cee7a6f74_014,raw_record,
extracted_into,record.supporting_chunk_id links to evidence chunk,evidence_chunk:chunk_src_search_ff1cee7a6f74_023,evidence_chunk,validated_record:rec_src_search_ff1cee7a6f74_001,validated_record,
extracted_into,record.supporting_chunk_id links to evidence chunk,evidence_chunk:chunk_src_search_ff1cee7a6f74_023,evidence_chunk,validated_record:rec_src_search_ff1cee7a6f74_002,validated_record,
extracted_into,record.supporting_chunk_id links to evidence chunk,evidence_chunk:chunk_src_search_ff1cee7a6f74_024,evidence_chunk,validated_record:rec_src_search_ff1cee7a6f74_003,validated_record,
extracted_into,record.supporting_chunk_id links to evidence chunk,evidence_chunk:chunk_src_search_ff1cee7a6f74_024,evidence_chunk,validated_record:rec_src_search_ff1cee7a6f74_004,validated_record,
extracted_into,record.supporting_chunk_id links to evidence chunk,evidence_chunk:chunk_src_search_ff1cee7a6f74_024,evidence_chunk,validated_record:rec_src_search_ff1cee7a6f74_005,validated_record,
extracted_into,record.supporting_chunk_id links to evidence chunk,evidence_chunk:chunk_src_search_ff1cee7a6f74_024,evidence_chunk,validated_record:rec_src_search_ff1cee7a6f74_006,validated_record,
extracted_into,record.supporting_chunk_id links to evidence chunk,evidence_chunk:chunk_src_search_ff1cee7a6f74_022,evidence_chunk,validated_record:rec_src_search_ff1cee7a6f74_007,validated_record,
extracted_into,record.supporting_chunk_id links to evidence chunk,evidence_chunk:chunk_src_search_ff1cee7a6f74_030,evidence_chunk,validated_record:rec_src_search_ff1cee7a6f74_008,validated_record,
extracted_into,record.supporting_chunk_id links to evidence chunk,evidence_chunk:chunk_src_search_ff1cee7a6f74_033,evidence_chunk,validated_record:rec_src_search_ff1cee7a6f74_009,validated_record,
extracted_into,record.supporting_chunk_id links to evidence chunk,evidence_chunk:chunk_src_search_ff1cee7a6f74_034,evidence_chunk,validated_record:rec_src_search_ff1cee7a6f74_010,validated_record,
extracted_into,record.supporting_chunk_id links to evidence chunk,evidence_chunk:chunk_src_search_ff1cee7a6f74_027,evidence_chunk,validated_record:rec_src_search_ff1cee7a6f74_011,validated_record,
extracted_into,record.supporting_chunk_id links to evidence chunk,evidence_chunk:chunk_src_search_ff1cee7a6f74_027,evidence_chunk,validated_record:rec_src_search_ff1cee7a6f74_012,validated_record,
extracted_into,record.supporting_chunk_id links to evidence chunk,evidence_chunk:chunk_src_search_ff1cee7a6f74_028,evidence_chunk,validated_record:rec_src_search_ff1cee7a6f74_013,validated_record,
extracted_into,record.supporting_chunk_id links to evidence chunk,evidence_chunk:chunk_src_search_ff1cee7a6f74_028,evidence_chunk,validated_record:rec_src_search_ff1cee7a6f74_014,validated_record,
extracted_into,record.supporting_chunk_id links to evidence chunk,evidence_chunk:chunk_src_search_ff1cee7a6f74_023,evidence_chunk,normalized_record:rec_src_search_ff1cee7a6f74_001,normalized_record,
extracted_into,record.supporting_chunk_id links to evidence chunk,evidence_chunk:chunk_src_search_ff1cee7a6f74_023,evidence_chunk,normalized_record:rec_src_search_ff1cee7a6f74_002,normalized_record,
extracted_into,record.supporting_chunk_id links to evidence chunk,evidence_chunk:chunk_src_search_ff1cee7a6f74_024,evidence_chunk,normalized_record:rec_src_search_ff1cee7a6f74_003,normalized_record,
extracted_into,record.supporting_chunk_id links to evidence chunk,evidence_chunk:chunk_src_search_ff1cee7a6f74_024,evidence_chunk,normalized_record:rec_src_search_ff1cee7a6f74_004,normalized_record,
extracted_into,record.supporting_chunk_id links to evidence chunk,evidence_chunk:chunk_src_search_ff1cee7a6f74_024,evidence_chunk,normalized_record:rec_src_search_ff1cee7a6f74_005,normalized_record,
extracted_into,record.supporting_chunk_id links to evidence chunk,evidence_chunk:chunk_src_search_ff1cee7a6f74_024,evidence_chunk,normalized_record:rec_src_search_ff1cee7a6f74_006,normalized_record,
extracted_into,record.supporting_chunk_id links to evidence chunk,evidence_chunk:chunk_src_search_ff1cee7a6f74_022,evidence_chunk,normalized_record:rec_src_search_ff1cee7a6f74_007,normalized_record,
extracted_into,record.supporting_chunk_id links to evidence chunk,evidence_chunk:chunk_src_search_ff1cee7a6f74_030,evidence_chunk,normalized_record:rec_src_search_ff1cee7a6f74_008,normalized_record,
extracted_into,record.supporting_chunk_id links to evidence chunk,evidence_chunk:chunk_src_search_ff1cee7a6f74_033,evidence_chunk,normalized_record:rec_src_search_ff1cee7a6f74_009,normalized_record,
extracted_into,record.supporting_chunk_id links to evidence chunk,evidence_chunk:chunk_src_search_ff1cee7a6f74_034,evidence_chunk,normalized_record:rec_src_search_ff1cee7a6f74_010,normalized_record,
extracted_into,record.supporting_chunk_id links to evidence chunk,evidence_chunk:chunk_src_search_ff1cee7a6f74_027,evidence_chunk,normalized_record:rec_src_search_ff1cee7a6f74_011,normalized_record,
extracted_into,record.supporting_chunk_id links to evidence chunk,evidence_chunk:chunk_src_search_ff1cee7a6f74_027,evidence_chunk,normalized_record:rec_src_search_ff1cee7a6f74_012,normalized_record,
extracted_into,record.supporting_chunk_id links to evidence chunk,evidence_chunk:chunk_src_search_ff1cee7a6f74_028,evidence_chunk,normalized_record:rec_src_search_ff1cee7a6f74_013,normalized_record,
extracted_into,record.supporting_chunk_id links to evidence chunk,evidence_chunk:chunk_src_search_ff1cee7a6f74_028,evidence_chunk,normalized_record:rec_src_search_ff1cee7a6f74_014,normalized_record,
validated_into,matched provenance identifier,raw_record:rec_src_search_ff1cee7a6f74_002,raw_record,validated_record:rec_src_search_ff1cee7a6f74_002,validated_record,
normalized_into,matched provenance identifier,validated_record:rec_src_search_ff1cee7a6f74_002,validated_record,normalized_record:rec_src_search_ff1cee7a6f74_002,normalized_record,
validated_into,matched provenance identifier,raw_record:rec_src_search_ff1cee7a6f74_014,raw_record,validated_record:rec_src_search_ff1cee7a6f74_014,validated_record,
normalized_into,matched provenance identifier,validated_record:rec_src_search_ff1cee7a6f74_014,validated_record,normalized_record:rec_src_search_ff1cee7a6f74_014,normalized_record,
validated_into,matched provenance identifier,raw_record:rec_src_search_ff1cee7a6f74_011,raw_record,validated_record:rec_src_search_ff1cee7a6f74_011,validated_record,
normalized_into,matched provenance identifier,validated_record:rec_src_search_ff1cee7a6f74_011,validated_record,normalized_record:rec_src_search_ff1cee7a6f74_011,normalized_record,
validated_into,matched provenance identifier,raw_record:rec_src_search_ff1cee7a6f74_003,raw_record,validated_record:rec_src_search_ff1cee7a6f74_003,validated_record,
normalized_into,matched provenance identifier,validated_record:rec_src_search_ff1cee7a6f74_003,validated_record,normalized_record:rec_src_search_ff1cee7a6f74_003,normalized_record,
validated_into,matched provenance identifier,raw_record:rec_src_search_ff1cee7a6f74_009,raw_record,validated_record:rec_src_search_ff1cee7a6f74_009,validated_record,
normalized_into,matched provenance identifier,validated_record:rec_src_search_ff1cee7a6f74_009,validated_record,normalized_record:rec_src_search_ff1cee7a6f74_009,normalized_record,
validated_into,matched provenance identifier,raw_record:rec_src_search_ff1cee7a6f74_010,raw_record,validated_record:rec_src_search_ff1cee7a6f74_010,validated_record,
normalized_into,matched provenance identifier,validated_record:rec_src_search_ff1cee7a6f74_010,validated_record,normalized_record:rec_src_search_ff1cee7a6f74_010,normalized_record,
validated_into,matched provenance identifier,raw_record:rec_src_search_ff1cee7a6f74_007,raw_record,validated_record:rec_src_search_ff1cee7a6f74_007,validated_record,
normalized_into,matched provenance identifier,validated_record:rec_src_search_ff1cee7a6f74_007,validated_record,normalized_record:rec_src_search_ff1cee7a6f74_007,normalized_record,
validated_into,matched provenance identifier,raw_record:rec_src_search_ff1cee7a6f74_012,raw_record,validated_record:rec_src_search_ff1cee7a6f74_012,validated_record,
normalized_into,matched provenance identifier,validated_record:rec_src_search_ff1cee7a6f74_012,validated_record,normalized_record:rec_src_search_ff1cee7a6f74_012,normalized_record,
validated_into,matched provenance identifier,raw_record:rec_src_search_ff1cee7a6f74_004,raw_record,validated_record:rec_src_search_ff1cee7a6f74_004,validated_record,
normalized_into,matched provenance identifier,validated_record:rec_src_search_ff1cee7a6f74_004,validated_record,normalized_record:rec_src_search_ff1cee7a6f74_004,normalized_record,
validated_into,matched provenance identifier,raw_record:rec_src_search_ff1cee7a6f74_001,raw_record,validated_record:rec_src_search_ff1cee7a6f74_001,validated_record,
normalized_into,matched provenance identifier,validated_record:rec_src_search_ff1cee7a6f74_001,validated_record,normalized_record:rec_src_search_ff1cee7a6f74_001,normalized_record,
validated_into,matched provenance identifier,raw_record:rec_src_search_ff1cee7a6f74_013,raw_record,validated_record:rec_src_search_ff1cee7a6f74_013,validated_record,
normalized_into,matched provenance identifier,validated_record:rec_src_search_ff1cee7a6f74_013,validated_record,normalized_record:rec_src_search_ff1cee7a6f74_013,normalized_record,
validated_into,matched provenance identifier,raw_record:rec_src_search_ff1cee7a6f74_006,raw_record,validated_record:rec_src_search_ff1cee7a6f74_006,validated_record,
normalized_into,matched provenance identifier,validated_record:rec_src_search_ff1cee7a6f74_006,validated_record,normalized_record:rec_src_search_ff1cee7a6f74_006,normalized_record,
validated_into,matched provenance identifier,raw_record:rec_src_search_ff1cee7a6f74_008,raw_record,validated_record:rec_src_search_ff1cee7a6f74_008,validated_record,
normalized_into,matched provenance identifier,validated_record:rec_src_search_ff1cee7a6f74_008,validated_record,normalized_record:rec_src_search_ff1cee7a6f74_008,normalized_record,
validated_into,matched provenance identifier,raw_record:rec_src_search_ff1cee7a6f74_005,raw_record,validated_record:rec_src_search_ff1cee7a6f74_005,validated_record,
normalized_into,matched provenance identifier,validated_record:rec_src_search_ff1cee7a6f74_005,validated_record,normalized_record:rec_src_search_ff1cee7a6f74_005,normalized_record,
produced_claim,matched provenance identifier,normalized_record:rec_src_search_ff1cee7a6f74_001,normalized_record,claim:claim_rec_src_search_ff1cee7a6f74_001_observation,claim,
produced_claim,matched provenance identifier,normalized_record:rec_src_search_ff1cee7a6f74_002,normalized_record,claim:claim_rec_src_search_ff1cee7a6f74_002_observation,claim,
produced_claim,matched provenance identifier,normalized_record:rec_src_search_ff1cee7a6f74_003,normalized_record,claim:claim_rec_src_search_ff1cee7a6f74_003_observation,claim,
produced_claim,matched provenance identifier,normalized_record:rec_src_search_ff1cee7a6f74_004,normalized_record,claim:claim_rec_src_search_ff1cee7a6f74_004_observation,claim,
produced_claim,matched provenance identifier,normalized_record:rec_src_search_ff1cee7a6f74_005,normalized_record,claim:claim_rec_src_search_ff1cee7a6f74_005_observation,claim,
produced_claim,matched provenance identifier,normalized_record:rec_src_search_ff1cee7a6f74_006,normalized_record,claim:claim_rec_src_search_ff1cee7a6f74_006_observation,claim,
produced_claim,matched provenance identifier,normalized_record:rec_src_search_ff1cee7a6f74_007,normalized_record,claim:claim_rec_src_search_ff1cee7a6f74_007_deaths,claim,
produced_claim,matched provenance identifier,normalized_record:rec_src_search_ff1cee7a6f74_008,normalized_record,claim:claim_rec_src_search_ff1cee7a6f74_008_cases_unspecified,claim,
produced_claim,matched provenance identifier,normalized_record:rec_src_search_ff1cee7a6f74_009,normalized_record,claim:claim_rec_src_search_ff1cee7a6f74_009_observation,claim,
produced_claim,matched provenance identifier,normalized_record:rec_src_search_ff1cee7a6f74_010,normalized_record,claim:claim_rec_src_search_ff1cee7a6f74_010_deaths,claim,
produced_claim,matched provenance identifier,normalized_record:rec_src_search_ff1cee7a6f74_011,normalized_record,claim:claim_rec_src_search_ff1cee7a6f74_011_observation,claim,
produced_claim,matched provenance identifier,normalized_record:rec_src_search_ff1cee7a6f74_012,normalized_record,claim:claim_rec_src_search_ff1cee7a6f74_012_observation,claim,
produced_claim,matched provenance identifier,normalized_record:rec_src_search_ff1cee7a6f74_013,normalized_record,claim:claim_rec_src_search_ff1cee7a6f74_013_observation,claim,
produced_claim,matched provenance identifier,normalized_record:rec_src_search_ff1cee7a6f74_014,normalized_record,claim:claim_rec_src_search_ff1cee7a6f74_014_observation,claim,
compared_with,matched provenance identifier,claim:claim_rec_src_search_ff1cee7a6f74_001_observation,claim,claim_comparison:claim_cmp_001,claim_comparison,
compared_with,matched provenance identifier,claim:claim_rec_src_search_ff1cee7a6f74_002_observation,claim,claim_comparison:claim_cmp_001,claim_comparison,
compared_with,matched provenance identifier,claim:claim_rec_src_search_ff1cee7a6f74_001_observation,claim,claim_comparison:claim_cmp_002,claim_comparison,
compared_with,matched provenance identifier,claim:claim_rec_src_search_ff1cee7a6f74_003_observation,claim,claim_comparison:claim_cmp_002,claim_comparison,
compared_with,matched provenance identifier,claim:claim_rec_src_search_ff1cee7a6f74_001_observation,claim,claim_comparison:claim_cmp_003,claim_comparison,
compared_with,matched provenance identifier,claim:claim_rec_src_search_ff1cee7a6f74_004_observation,claim,claim_comparison:claim_cmp_003,claim_comparison,
compared_with,matched provenance identifier,claim:claim_rec_src_search_ff1cee7a6f74_001_observation,claim,claim_comparison:claim_cmp_004,claim_comparison,
compared_with,matched provenance identifier,claim:claim_rec_src_search_ff1cee7a6f74_005_observation,claim,claim_comparison:claim_cmp_004,claim_comparison,
compared_with,matched provenance identifier,claim:claim_rec_src_search_ff1cee7a6f74_001_observation,claim,claim_comparison:claim_cmp_005,claim_comparison,
compared_with,matched provenance identifier,claim:claim_rec_src_search_ff1cee7a6f74_006_observation,claim,claim_comparison:claim_cmp_005,claim_comparison,
compared_with,matched provenance identifier,claim:claim_rec_src_search_ff1cee7a6f74_001_observation,claim,claim_comparison:claim_cmp_006,claim_comparison,
compared_with,matched provenance identifier,claim:claim_rec_src_search_ff1cee7a6f74_007_deaths,claim,claim_comparison:claim_cmp_006,claim_comparison,
compared_with,matched provenance identifier,claim:claim_rec_src_search_ff1cee7a6f74_001_observation,claim,claim_comparison:claim_cmp_007,claim_comparison,
compared_with,matched provenance identifier,claim:claim_rec_src_search_ff1cee7a6f74_008_cases_unspecified,claim,claim_comparison:claim_cmp_007,claim_comparison,
compared_with,matched provenance identifier,claim:claim_rec_src_search_ff1cee7a6f74_001_observation,claim,claim_comparison:claim_cmp_008,claim_comparison,
compared_with,matched provenance identifier,claim:claim_rec_src_search_ff1cee7a6f74_009_observation,claim,claim_comparison:claim_cmp_008,claim_comparison,
compared_with,matched provenance identifier,claim:claim_rec_src_search_ff1cee7a6f74_001_observation,claim,claim_comparison:claim_cmp_009,claim_comparison,
compared_with,matched provenance identifier,claim:claim_rec_src_search_ff1cee7a6f74_010_deaths,claim,claim_comparison:claim_cmp_009,claim_comparison,
compared_with,matched provenance identifier,claim:claim_rec_src_search_ff1cee7a6f74_001_observation,claim,claim_comparison:claim_cmp_010,claim_comparison,
compared_with,matched provenance identifier,claim:claim_rec_src_search_ff1cee7a6f74_011_observation,claim,claim_comparison:claim_cmp_010,claim_comparison,
compared_with,matched provenance identifier,claim:claim_rec_src_search_ff1cee7a6f74_001_observation,claim,claim_comparison:claim_cmp_011,claim_comparison,
compared_with,matched provenance identifier,claim:claim_rec_src_search_ff1cee7a6f74_012_observation,claim,claim_comparison:claim_cmp_011,claim_comparison,
compared_with,matched provenance identifier,claim:claim_rec_src_search_ff1cee7a6f74_001_observation,claim,claim_comparison:claim_cmp_012,claim_comparison,
compared_with,matched provenance identifier,claim:claim_rec_src_search_ff1cee7a6f74_013_observation,claim,claim_comparison:claim_cmp_012,claim_comparison,
compared_with,matched provenance identifier,claim:claim_rec_src_search_ff1cee7a6f74_001_observation,claim,claim_comparison:claim_cmp_013,claim_comparison,
compared_with,matched provenance identifier,claim:claim_rec_src_search_ff1cee7a6f74_014_observation,claim,claim_comparison:claim_cmp_013,claim_comparison,
compared_with,matched provenance identifier,claim:claim_rec_src_search_ff1cee7a6f74_002_observation,claim,claim_comparison:claim_cmp_014,claim_comparison,
compared_with,matched provenance identifier,claim:claim_rec_src_search_ff1cee7a6f74_003_observation,claim,claim_comparison:claim_cmp_014,claim_comparison,
compared_with,matched provenance identifier,claim:claim_rec_src_search_ff1cee7a6f74_002_observation,claim,claim_comparison:claim_cmp_015,claim_comparison,
compared_with,matched provenance identifier,claim:claim_rec_src_search_ff1cee7a6f74_004_observation,claim,claim_comparison:claim_cmp_015,claim_comparison,
compared_with,matched provenance identifier,claim:claim_rec_src_search_ff1cee7a6f74_002_observation,claim,claim_comparison:claim_cmp_016,claim_comparison,
compared_with,matched provenance identifier,claim:claim_rec_src_search_ff1cee7a6f74_005_observation,claim,claim_comparison:claim_cmp_016,claim_comparison,
compared_with,matched provenance identifier,claim:claim_rec_src_search_ff1cee7a6f74_002_observation,claim,claim_comparison:claim_cmp_017,claim_comparison,
compared_with,matched provenance identifier,claim:claim_rec_src_search_ff1cee7a6f74_006_observation,claim,claim_comparison:claim_cmp_017,claim_comparison,
compared_with,matched provenance identifier,claim:claim_rec_src_search_ff1cee7a6f74_002_observation,claim,claim_comparison:claim_cmp_018,claim_comparison,
compared_with,matched provenance identifier,claim:claim_rec_src_search_ff1cee7a6f74_007_deaths,claim,claim_comparison:claim_cmp_018,claim_comparison,
compared_with,matched provenance identifier,claim:claim_rec_src_search_ff1cee7a6f74_002_observation,claim,claim_comparison:claim_cmp_019,claim_comparison,
compared_with,matched provenance identifier,claim:claim_rec_src_search_ff1cee7a6f74_008_cases_unspecified,claim,claim_comparison:claim_cmp_019,claim_comparison,
compared_with,matched provenance identifier,claim:claim_rec_src_search_ff1cee7a6f74_002_observation,claim,claim_comparison:claim_cmp_020,claim_comparison,
compared_with,matched provenance identifier,claim:claim_rec_src_search_ff1cee7a6f74_009_observation,claim,claim_comparison:claim_cmp_020,claim_comparison,
compared_with,matched provenance identifier,claim:claim_rec_src_search_ff1cee7a6f74_002_observation,claim,claim_comparison:claim_cmp_021,claim_comparison,
compared_with,matched provenance identifier,claim:claim_rec_src_search_ff1cee7a6f74_010_deaths,claim,claim_comparison:claim_cmp_021,claim_comparison,
compared_with,matched provenance identifier,claim:claim_rec_src_search_ff1cee7a6f74_002_observation,claim,claim_comparison:claim_cmp_022,claim_comparison,
compared_with,matched provenance identifier,claim:claim_rec_src_search_ff1cee7a6f74_011_observation,claim,claim_comparison:claim_cmp_022,claim_comparison,
compared_with,matched provenance identifier,claim:claim_rec_src_search_ff1cee7a6f74_002_observation,claim,claim_comparison:claim_cmp_023,claim_comparison,
compared_with,matched provenance identifier,claim:claim_rec_src_search_ff1cee7a6f74_012_observation,claim,claim_comparison:claim_cmp_023,claim_comparison,
compared_with,matched provenance identifier,claim:claim_rec_src_search_ff1cee7a6f74_002_observation,claim,claim_comparison:claim_cmp_024,claim_comparison,
compared_with,matched provenance identifier,claim:claim_rec_src_search_ff1cee7a6f74_013_observation,claim,claim_comparison:claim_cmp_024,claim_comparison,
compared_with,matched provenance identifier,claim:claim_rec_src_search_ff1cee7a6f74_002_observation,claim,claim_comparison:claim_cmp_025,claim_comparison,
compared_with,matched provenance identifier,claim:claim_rec_src_search_ff1cee7a6f74_014_observation,claim,claim_comparison:claim_cmp_025,claim_comparison,
compared_with,matched provenance identifier,claim:claim_rec_src_search_ff1cee7a6f74_003_observation,claim,claim_comparison:claim_cmp_026,claim_comparison,
compared_with,matched provenance identifier,claim:claim_rec_src_search_ff1cee7a6f74_004_observation,claim,claim_comparison:claim_cmp_026,claim_comparison,
compared_with,matched provenance identifier,claim:claim_rec_src_search_ff1cee7a6f74_003_observation,claim,claim_comparison:claim_cmp_027,claim_comparison,
compared_with,matched provenance identifier,claim:claim_rec_src_search_ff1cee7a6f74_005_observation,claim,claim_comparison:claim_cmp_027,claim_comparison,
compared_with,matched provenance identifier,claim:claim_rec_src_search_ff1cee7a6f74_003_observation,claim,claim_comparison:claim_cmp_028,claim_comparison,
compared_with,matched provenance identifier,claim:claim_rec_src_search_ff1cee7a6f74_006_observation,claim,claim_comparison:claim_cmp_028,claim_comparison,
compared_with,matched provenance identifier,claim:claim_rec_src_search_ff1cee7a6f74_003_observation,claim,claim_comparison:claim_cmp_029,claim_comparison,
compared_with,matched provenance identifier,claim:claim_rec_src_search_ff1cee7a6f74_007_deaths,claim,claim_comparison:claim_cmp_029,claim_comparison,
compared_with,matched provenance identifier,claim:claim_rec_src_search_ff1cee7a6f74_003_observation,claim,claim_comparison:claim_cmp_030,claim_comparison,
compared_with,matched provenance identifier,claim:claim_rec_src_search_ff1cee7a6f74_008_cases_unspecified,claim,claim_comparison:claim_cmp_030,claim_comparison,
compared_with,matched provenance identifier,claim:claim_rec_src_search_ff1cee7a6f74_003_observation,claim,claim_comparison:claim_cmp_031,claim_comparison,
compared_with,matched provenance identifier,claim:claim_rec_src_search_ff1cee7a6f74_009_observation,claim,claim_comparison:claim_cmp_031,claim_comparison,
compared_with,matched provenance identifier,claim:claim_rec_src_search_ff1cee7a6f74_003_observation,claim,claim_comparison:claim_cmp_032,claim_comparison,
compared_with,matched provenance identifier,claim:claim_rec_src_search_ff1cee7a6f74_010_deaths,claim,claim_comparison:claim_cmp_032,claim_comparison,
compared_with,matched provenance identifier,claim:claim_rec_src_search_ff1cee7a6f74_003_observation,claim,claim_comparison:claim_cmp_033,claim_comparison,
compared_with,matched provenance identifier,claim:claim_rec_src_search_ff1cee7a6f74_011_observation,claim,claim_comparison:claim_cmp_033,claim_comparison,
compared_with,matched provenance identifier,claim:claim_rec_src_search_ff1cee7a6f74_003_observation,claim,claim_comparison:claim_cmp_034,claim_comparison,
compared_with,matched provenance identifier,claim:claim_rec_src_search_ff1cee7a6f74_012_observation,claim,claim_comparison:claim_cmp_034,claim_comparison,
compared_with,matched provenance identifier,claim:claim_rec_src_search_ff1cee7a6f74_003_observation,claim,claim_comparison:claim_cmp_035,claim_comparison,
compared_with,matched provenance identifier,claim:claim_rec_src_search_ff1cee7a6f74_013_observation,claim,claim_comparison:claim_cmp_035,claim_comparison,
compared_with,matched provenance identifier,claim:claim_rec_src_search_ff1cee7a6f74_003_observation,claim,claim_comparison:claim_cmp_036,claim_comparison,
compared_with,matched provenance identifier,claim:claim_rec_src_search_ff1cee7a6f74_014_observation,claim,claim_comparison:claim_cmp_036,claim_comparison,
compared_with,matched provenance identifier,claim:claim_rec_src_search_ff1cee7a6f74_004_observation,claim,claim_comparison:claim_cmp_037,claim_comparison,
compared_with,matched provenance identifier,claim:claim_rec_src_search_ff1cee7a6f74_005_observation,claim,claim_comparison:claim_cmp_037,claim_comparison,
compared_with,matched provenance identifier,claim:claim_rec_src_search_ff1cee7a6f74_004_observation,claim,claim_comparison:claim_cmp_038,claim_comparison,
compared_with,matched provenance identifier,claim:claim_rec_src_search_ff1cee7a6f74_006_observation,claim,claim_comparison:claim_cmp_038,claim_comparison,
compared_with,matched provenance identifier,claim:claim_rec_src_search_ff1cee7a6f74_004_observation,claim,claim_comparison:claim_cmp_039,claim_comparison,
compared_with,matched provenance identifier,claim:claim_rec_src_search_ff1cee7a6f74_007_deaths,claim,claim_comparison:claim_cmp_039,claim_comparison,
compared_with,matched provenance identifier,claim:claim_rec_src_search_ff1cee7a6f74_004_observation,claim,claim_comparison:claim_cmp_040,claim_comparison,
compared_with,matched provenance identifier,claim:claim_rec_src_search_ff1cee7a6f74_008_cases_unspecified,claim,claim_comparison:claim_cmp_040,claim_comparison,
compared_with,matched provenance identifier,claim:claim_rec_src_search_ff1cee7a6f74_004_observation,claim,claim_comparison:claim_cmp_041,claim_comparison,
compared_with,matched provenance identifier,claim:claim_rec_src_search_ff1cee7a6f74_009_observation,claim,claim_comparison:claim_cmp_041,claim_comparison,
compared_with,matched provenance identifier,claim:claim_rec_src_search_ff1cee7a6f74_004_observation,claim,claim_comparison:claim_cmp_042,claim_comparison,
compared_with,matched provenance identifier,claim:claim_rec_src_search_ff1cee7a6f74_010_deaths,claim,claim_comparison:claim_cmp_042,claim_comparison,
compared_with,matched provenance identifier,claim:claim_rec_src_search_ff1cee7a6f74_004_observation,claim,claim_comparison:claim_cmp_043,claim_comparison,
compared_with,matched provenance identifier,claim:claim_rec_src_search_ff1cee7a6f74_011_observation,claim,claim_comparison:claim_cmp_043,claim_comparison,
compared_with,matched provenance identifier,claim:claim_rec_src_search_ff1cee7a6f74_004_observation,claim,claim_comparison:claim_cmp_044,claim_comparison,
compared_with,matched provenance identifier,claim:claim_rec_src_search_ff1cee7a6f74_012_observation,claim,claim_comparison:claim_cmp_044,claim_comparison,
compared_with,matched provenance identifier,claim:claim_rec_src_search_ff1cee7a6f74_004_observation,claim,claim_comparison:claim_cmp_045,claim_comparison,
compared_with,matched provenance identifier,claim:claim_rec_src_search_ff1cee7a6f74_013_observation,claim,claim_comparison:claim_cmp_045,claim_comparison,
compared_with,matched provenance identifier,claim:claim_rec_src_search_ff1cee7a6f74_004_observation,claim,claim_comparison:claim_cmp_046,claim_comparison,
compared_with,matched provenance identifier,claim:claim_rec_src_search_ff1cee7a6f74_014_observation,claim,claim_comparison:claim_cmp_046,claim_comparison,
compared_with,matched provenance identifier,claim:claim_rec_src_search_ff1cee7a6f74_005_observation,claim,claim_comparison:claim_cmp_047,claim_comparison,
compared_with,matched provenance identifier,claim:claim_rec_src_search_ff1cee7a6f74_006_observation,claim,claim_comparison:claim_cmp_047,claim_comparison,
compared_with,matched provenance identifier,claim:claim_rec_src_search_ff1cee7a6f74_005_observation,claim,claim_comparison:claim_cmp_048,claim_comparison,
compared_with,matched provenance identifier,claim:claim_rec_src_search_ff1cee7a6f74_007_deaths,claim,claim_comparison:claim_cmp_048,claim_comparison,
compared_with,matched provenance identifier,claim:claim_rec_src_search_ff1cee7a6f74_005_observation,claim,claim_comparison:claim_cmp_049,claim_comparison,
compared_with,matched provenance identifier,claim:claim_rec_src_search_ff1cee7a6f74_008_cases_unspecified,claim,claim_comparison:claim_cmp_049,claim_comparison,
compared_with,matched provenance identifier,claim:claim_rec_src_search_ff1cee7a6f74_005_observation,claim,claim_comparison:claim_cmp_050,claim_comparison,
compared_with,matched provenance identifier,claim:claim_rec_src_search_ff1cee7a6f74_009_observation,claim,claim_comparison:claim_cmp_050,claim_comparison,
compared_with,matched provenance identifier,claim:claim_rec_src_search_ff1cee7a6f74_005_observation,claim,claim_comparison:claim_cmp_051,claim_comparison,
compared_with,matched provenance identifier,claim:claim_rec_src_search_ff1cee7a6f74_010_deaths,claim,claim_comparison:claim_cmp_051,claim_comparison,
compared_with,matched provenance identifier,claim:claim_rec_src_search_ff1cee7a6f74_005_observation,claim,claim_comparison:claim_cmp_052,claim_comparison,
compared_with,matched provenance identifier,claim:claim_rec_src_search_ff1cee7a6f74_011_observation,claim,claim_comparison:claim_cmp_052,claim_comparison,
compared_with,matched provenance identifier,claim:claim_rec_src_search_ff1cee7a6f74_005_observation,claim,claim_comparison:claim_cmp_053,claim_comparison,
compared_with,matched provenance identifier,claim:claim_rec_src_search_ff1cee7a6f74_012_observation,claim,claim_comparison:claim_cmp_053,claim_comparison,
compared_with,matched provenance identifier,claim:claim_rec_src_search_ff1cee7a6f74_005_observation,claim,claim_comparison:claim_cmp_054,claim_comparison,
compared_with,matched provenance identifier,claim:claim_rec_src_search_ff1cee7a6f74_013_observation,claim,claim_comparison:claim_cmp_054,claim_comparison,
compared_with,matched provenance identifier,claim:claim_rec_src_search_ff1cee7a6f74_005_observation,claim,claim_comparison:claim_cmp_055,claim_comparison,
compared_with,matched provenance identifier,claim:claim_rec_src_search_ff1cee7a6f74_014_observation,claim,claim_comparison:claim_cmp_055,claim_comparison,
compared_with,matched provenance identifier,claim:claim_rec_src_search_ff1cee7a6f74_006_observation,claim,claim_comparison:claim_cmp_056,claim_comparison,
compared_with,matched provenance identifier,claim:claim_rec_src_search_ff1cee7a6f74_007_deaths,claim,claim_comparison:claim_cmp_056,claim_comparison,
compared_with,matched provenance identifier,claim:claim_rec_src_search_ff1cee7a6f74_006_observation,claim,claim_comparison:claim_cmp_057,claim_comparison,
compared_with,matched provenance identifier,claim:claim_rec_src_search_ff1cee7a6f74_008_cases_unspecified,claim,claim_comparison:claim_cmp_057,claim_comparison,
compared_with,matched provenance identifier,claim:claim_rec_src_search_ff1cee7a6f74_006_observation,claim,claim_comparison:claim_cmp_058,claim_comparison,
compared_with,matched provenance identifier,claim:claim_rec_src_search_ff1cee7a6f74_009_observation,claim,claim_comparison:claim_cmp_058,claim_comparison,
compared_with,matched provenance identifier,claim:claim_rec_src_search_ff1cee7a6f74_006_observation,claim,claim_comparison:claim_cmp_059,claim_comparison,
compared_with,matched provenance identifier,claim:claim_rec_src_search_ff1cee7a6f74_010_deaths,claim,claim_comparison:claim_cmp_059,claim_comparison,
compared_with,matched provenance identifier,claim:claim_rec_src_search_ff1cee7a6f74_006_observation,claim,claim_comparison:claim_cmp_060,claim_comparison,
compared_with,matched provenance identifier,claim:claim_rec_src_search_ff1cee7a6f74_011_observation,claim,claim_comparison:claim_cmp_060,claim_comparison,
compared_with,matched provenance identifier,claim:claim_rec_src_search_ff1cee7a6f74_006_observation,claim,claim_comparison:claim_cmp_061,claim_comparison,
compared_with,matched provenance identifier,claim:claim_rec_src_search_ff1cee7a6f74_012_observation,claim,claim_comparison:claim_cmp_061,claim_comparison,
compared_with,matched provenance identifier,claim:claim_rec_src_search_ff1cee7a6f74_006_observation,claim,claim_comparison:claim_cmp_062,claim_comparison,
compared_with,matched provenance identifier,claim:claim_rec_src_search_ff1cee7a6f74_013_observation,claim,claim_comparison:claim_cmp_062,claim_comparison,
compared_with,matched provenance identifier,claim:claim_rec_src_search_ff1cee7a6f74_006_observation,claim,claim_comparison:claim_cmp_063,claim_comparison,
compared_with,matched provenance identifier,claim:claim_rec_src_search_ff1cee7a6f74_014_observation,claim,claim_comparison:claim_cmp_063,claim_comparison,
compared_with,matched provenance identifier,claim:claim_rec_src_search_ff1cee7a6f74_007_deaths,claim,claim_comparison:claim_cmp_064,claim_comparison,
compared_with,matched provenance identifier,claim:claim_rec_src_search_ff1cee7a6f74_008_cases_unspecified,claim,claim_comparison:claim_cmp_064,claim_comparison,
compared_with,matched provenance identifier,claim:claim_rec_src_search_ff1cee7a6f74_007_deaths,claim,claim_comparison:claim_cmp_065,claim_comparison,
compared_with,matched provenance identifier,claim:claim_rec_src_search_ff1cee7a6f74_009_observation,claim,claim_comparison:claim_cmp_065,claim_comparison,
compared_with,matched provenance identifier,claim:claim_rec_src_search_ff1cee7a6f74_007_deaths,claim,claim_comparison:claim_cmp_066,claim_comparison,
compared_with,matched provenance identifier,claim:claim_rec_src_search_ff1cee7a6f74_010_deaths,claim,claim_comparison:claim_cmp_066,claim_comparison,
compared_with,matched provenance identifier,claim:claim_rec_src_search_ff1cee7a6f74_007_deaths,claim,claim_comparison:claim_cmp_067,claim_comparison,
compared_with,matched provenance identifier,claim:claim_rec_src_search_ff1cee7a6f74_011_observation,claim,claim_comparison:claim_cmp_067,claim_comparison,
compared_with,matched provenance identifier,claim:claim_rec_src_search_ff1cee7a6f74_007_deaths,claim,claim_comparison:claim_cmp_068,claim_comparison,
compared_with,matched provenance identifier,claim:claim_rec_src_search_ff1cee7a6f74_012_observation,claim,claim_comparison:claim_cmp_068,claim_comparison,
compared_with,matched provenance identifier,claim:claim_rec_src_search_ff1cee7a6f74_007_deaths,claim,claim_comparison:claim_cmp_069,claim_comparison,
compared_with,matched provenance identifier,claim:claim_rec_src_search_ff1cee7a6f74_013_observation,claim,claim_comparison:claim_cmp_069,claim_comparison,
compared_with,matched provenance identifier,claim:claim_rec_src_search_ff1cee7a6f74_007_deaths,claim,claim_comparison:claim_cmp_070,claim_comparison,
compared_with,matched provenance identifier,claim:claim_rec_src_search_ff1cee7a6f74_014_observation,claim,claim_comparison:claim_cmp_070,claim_comparison,
compared_with,matched provenance identifier,claim:claim_rec_src_search_ff1cee7a6f74_008_cases_unspecified,claim,claim_comparison:claim_cmp_071,claim_comparison,
compared_with,matched provenance identifier,claim:claim_rec_src_search_ff1cee7a6f74_009_observation,claim,claim_comparison:claim_cmp_071,claim_comparison,
compared_with,matched provenance identifier,claim:claim_rec_src_search_ff1cee7a6f74_008_cases_unspecified,claim,claim_comparison:claim_cmp_072,claim_comparison,
compared_with,matched provenance identifier,claim:claim_rec_src_search_ff1cee7a6f74_010_deaths,claim,claim_comparison:claim_cmp_072,claim_comparison,
compared_with,matched provenance identifier,claim:claim_rec_src_search_ff1cee7a6f74_008_cases_unspecified,claim,claim_comparison:claim_cmp_073,claim_comparison,
compared_with,matched provenance identifier,claim:claim_rec_src_search_ff1cee7a6f74_011_observation,claim,claim_comparison:claim_cmp_073,claim_comparison,
compared_with,matched provenance identifier,claim:claim_rec_src_search_ff1cee7a6f74_008_cases_unspecified,claim,claim_comparison:claim_cmp_074,claim_comparison,
compared_with,matched provenance identifier,claim:claim_rec_src_search_ff1cee7a6f74_012_observation,claim,claim_comparison:claim_cmp_074,claim_comparison,
compared_with,matched provenance identifier,claim:claim_rec_src_search_ff1cee7a6f74_008_cases_unspecified,claim,claim_comparison:claim_cmp_075,claim_comparison,
compared_with,matched provenance identifier,claim:claim_rec_src_search_ff1cee7a6f74_013_observation,claim,claim_comparison:claim_cmp_075,claim_comparison,
compared_with,matched provenance identifier,claim:claim_rec_src_search_ff1cee7a6f74_008_cases_unspecified,claim,claim_comparison:claim_cmp_076,claim_comparison,
compared_with,matched provenance identifier,claim:claim_rec_src_search_ff1cee7a6f74_014_observation,claim,claim_comparison:claim_cmp_076,claim_comparison,
compared_with,matched provenance identifier,claim:claim_rec_src_search_ff1cee7a6f74_009_observation,claim,claim_comparison:claim_cmp_077,claim_comparison,
compared_with,matched provenance identifier,claim:claim_rec_src_search_ff1cee7a6f74_010_deaths,claim,claim_comparison:claim_cmp_077,claim_comparison,
compared_with,matched provenance identifier,claim:claim_rec_src_search_ff1cee7a6f74_009_observation,claim,claim_comparison:claim_cmp_078,claim_comparison,
compared_with,matched provenance identifier,claim:claim_rec_src_search_ff1cee7a6f74_011_observation,claim,claim_comparison:claim_cmp_078,claim_comparison,
compared_with,matched provenance identifier,claim:claim_rec_src_search_ff1cee7a6f74_009_observation,claim,claim_comparison:claim_cmp_079,claim_comparison,
compared_with,matched provenance identifier,claim:claim_rec_src_search_ff1cee7a6f74_012_observation,claim,claim_comparison:claim_cmp_079,claim_comparison,
compared_with,matched provenance identifier,claim:claim_rec_src_search_ff1cee7a6f74_009_observation,claim,claim_comparison:claim_cmp_080,claim_comparison,
compared_with,matched provenance identifier,claim:claim_rec_src_search_ff1cee7a6f74_013_observation,claim,claim_comparison:claim_cmp_080,claim_comparison,
compared_with,matched provenance identifier,claim:claim_rec_src_search_ff1cee7a6f74_009_observation,claim,claim_comparison:claim_cmp_081,claim_comparison,
compared_with,matched provenance identifier,claim:claim_rec_src_search_ff1cee7a6f74_014_observation,claim,claim_comparison:claim_cmp_081,claim_comparison,
compared_with,matched provenance identifier,claim:claim_rec_src_search_ff1cee7a6f74_010_deaths,claim,claim_comparison:claim_cmp_082,claim_comparison,
compared_with,matched provenance identifier,claim:claim_rec_src_search_ff1cee7a6f74_011_observation,claim,claim_comparison:claim_cmp_082,claim_comparison,
compared_with,matched provenance identifier,claim:claim_rec_src_search_ff1cee7a6f74_010_deaths,claim,claim_comparison:claim_cmp_083,claim_comparison,
compared_with,matched provenance identifier,claim:claim_rec_src_search_ff1cee7a6f74_012_observation,claim,claim_comparison:claim_cmp_083,claim_comparison,
compared_with,matched provenance identifier,claim:claim_rec_src_search_ff1cee7a6f74_010_deaths,claim,claim_comparison:claim_cmp_084,claim_comparison,
compared_with,matched provenance identifier,claim:claim_rec_src_search_ff1cee7a6f74_013_observation,claim,claim_comparison:claim_cmp_084,claim_comparison,
compared_with,matched provenance identifier,claim:claim_rec_src_search_ff1cee7a6f74_010_deaths,claim,claim_comparison:claim_cmp_085,claim_comparison,
compared_with,matched provenance identifier,claim:claim_rec_src_search_ff1cee7a6f74_014_observation,claim,claim_comparison:claim_cmp_085,claim_comparison,
compared_with,matched provenance identifier,claim:claim_rec_src_search_ff1cee7a6f74_011_observation,claim,claim_comparison:claim_cmp_086,claim_comparison,
compared_with,matched provenance identifier,claim:claim_rec_src_search_ff1cee7a6f74_012_observation,claim,claim_comparison:claim_cmp_086,claim_comparison,
compared_with,matched provenance identifier,claim:claim_rec_src_search_ff1cee7a6f74_011_observation,claim,claim_comparison:claim_cmp_087,claim_comparison,
compared_with,matched provenance identifier,claim:claim_rec_src_search_ff1cee7a6f74_013_observation,claim,claim_comparison:claim_cmp_087,claim_comparison,
compared_with,matched provenance identifier,claim:claim_rec_src_search_ff1cee7a6f74_011_observation,claim,claim_comparison:claim_cmp_088,claim_comparison,
compared_with,matched provenance identifier,claim:claim_rec_src_search_ff1cee7a6f74_014_observation,claim,claim_comparison:claim_cmp_088,claim_comparison,
compared_with,matched provenance identifier,claim:claim_rec_src_search_ff1cee7a6f74_012_observation,claim,claim_comparison:claim_cmp_089,claim_comparison,
compared_with,matched provenance identifier,claim:claim_rec_src_search_ff1cee7a6f74_013_observation,claim,claim_comparison:claim_cmp_089,claim_comparison,
compared_with,matched provenance identifier,claim:claim_rec_src_search_ff1cee7a6f74_012_observation,claim,claim_comparison:claim_cmp_090,claim_comparison,
compared_with,matched provenance identifier,claim:claim_rec_src_search_ff1cee7a6f74_014_observation,claim,claim_comparison:claim_cmp_090,claim_comparison,
compared_with,matched provenance identifier,claim:claim_rec_src_search_ff1cee7a6f74_013_observation,claim,claim_comparison:claim_cmp_091,claim_comparison,
compared_with,matched provenance identifier,claim:claim_rec_src_search_ff1cee7a6f74_014_observation,claim,claim_comparison:claim_cmp_091,claim_comparison,
grouped_into_event,matched provenance identifier,claim:claim_rec_src_search_ff1cee7a6f74_014_observation,claim,corroborated_event:event_001,corroborated_event,
grouped_into_event,matched provenance identifier,claim:claim_rec_src_search_ff1cee7a6f74_003_observation,claim,corroborated_event:event_001,corroborated_event,
grouped_into_event,matched provenance identifier,claim:claim_rec_src_search_ff1cee7a6f74_013_observation,claim,corroborated_event:event_001,corroborated_event,
grouped_into_event,matched provenance identifier,claim:claim_rec_src_search_ff1cee7a6f74_001_observation,claim,corroborated_event:event_001,corroborated_event,
grouped_into_event,matched provenance identifier,claim:claim_rec_src_search_ff1cee7a6f74_005_observation,claim,corroborated_event:event_001,corroborated_event,
grouped_into_event,matched provenance identifier,claim:claim_rec_src_search_ff1cee7a6f74_012_observation,claim,corroborated_event:event_001,corroborated_event,
grouped_into_event,matched provenance identifier,claim:claim_rec_src_search_ff1cee7a6f74_006_observation,claim,corroborated_event:event_001,corroborated_event,
grouped_into_event,matched provenance identifier,claim:claim_rec_src_search_ff1cee7a6f74_009_observation,claim,corroborated_event:event_001,corroborated_event,
grouped_into_event,matched provenance identifier,claim:claim_rec_src_search_ff1cee7a6f74_010_deaths,claim,corroborated_event:event_001,corroborated_event,
grouped_into_event,matched provenance identifier,claim:claim_rec_src_search_ff1cee7a6f74_007_deaths,claim,corroborated_event:event_001,corroborated_event,
grouped_into_event,matched provenance identifier,claim:claim_rec_src_search_ff1cee7a6f74_004_observation,claim,corroborated_event:event_001,corroborated_event,
grouped_into_event,matched provenance identifier,claim:claim_rec_src_search_ff1cee7a6f74_002_observation,claim,corroborated_event:event_001,corroborated_event,
grouped_into_event,matched provenance identifier,claim:claim_rec_src_search_ff1cee7a6f74_011_observation,claim,corroborated_event:event_001,corroborated_event,
grouped_into_event,matched provenance identifier,claim:claim_rec_src_search_ff1cee7a6f74_008_cases_unspecified,claim,corroborated_event:event_002,corroborated_event,
included_in_dataset_view,record appears in final_dataset,normalized_record:rec_src_search_ff1cee7a6f74_001,normalized_record,dataset_view:final_dataset,dataset_view,
included_in_dataset_view,record appears in final_dataset,normalized_record:rec_src_search_ff1cee7a6f74_003,normalized_record,dataset_view:final_dataset,dataset_view,
included_in_dataset_view,record appears in final_dataset,normalized_record:rec_src_search_ff1cee7a6f74_004,normalized_record,dataset_view:final_dataset,dataset_view,
included_in_dataset_view,record appears in final_dataset,normalized_record:rec_src_search_ff1cee7a6f74_007,normalized_record,dataset_view:final_dataset,dataset_view,
included_in_dataset_view,record appears in final_dataset,normalized_record:rec_src_search_ff1cee7a6f74_009,normalized_record,dataset_view:final_dataset,dataset_view,
included_in_dataset_view,record appears in final_dataset_pre_quality_gate,normalized_record:rec_src_search_ff1cee7a6f74_001,normalized_record,dataset_view:final_dataset_pre_quality_gate,dataset_view,
included_in_dataset_view,record appears in final_dataset_pre_quality_gate,normalized_record:rec_src_search_ff1cee7a6f74_002,normalized_record,dataset_view:final_dataset_pre_quality_gate,dataset_view,
included_in_dataset_view,record appears in final_dataset_pre_quality_gate,normalized_record:rec_src_search_ff1cee7a6f74_003,normalized_record,dataset_view:final_dataset_pre_quality_gate,dataset_view,
included_in_dataset_view,record appears in final_dataset_pre_quality_gate,normalized_record:rec_src_search_ff1cee7a6f74_004,normalized_record,dataset_view:final_dataset_pre_quality_gate,dataset_view,
included_in_dataset_view,record appears in final_dataset_pre_quality_gate,normalized_record:rec_src_search_ff1cee7a6f74_005,normalized_record,dataset_view:final_dataset_pre_quality_gate,dataset_view,
included_in_dataset_view,record appears in final_dataset_pre_quality_gate,normalized_record:rec_src_search_ff1cee7a6f74_006,normalized_record,dataset_view:final_dataset_pre_quality_gate,dataset_view,
included_in_dataset_view,record appears in final_dataset_pre_quality_gate,normalized_record:rec_src_search_ff1cee7a6f74_007,normalized_record,dataset_view:final_dataset_pre_quality_gate,dataset_view,
included_in_dataset_view,record appears in final_dataset_pre_quality_gate,normalized_record:rec_src_search_ff1cee7a6f74_008,normalized_record,dataset_view:final_dataset_pre_quality_gate,dataset_view,
included_in_dataset_view,record appears in final_dataset_pre_quality_gate,normalized_record:rec_src_search_ff1cee7a6f74_009,normalized_record,dataset_view:final_dataset_pre_quality_gate,dataset_view,
included_in_dataset_view,record appears in final_dataset_pre_quality_gate,normalized_record:rec_src_search_ff1cee7a6f74_010,normalized_record,dataset_view:final_dataset_pre_quality_gate,dataset_view,
included_in_dataset_view,record appears in final_dataset_pre_quality_gate,normalized_record:rec_src_search_ff1cee7a6f74_011,normalized_record,dataset_view:final_dataset_pre_quality_gate,dataset_view,
included_in_dataset_view,record appears in final_dataset_pre_quality_gate,normalized_record:rec_src_search_ff1cee7a6f74_012,normalized_record,dataset_view:final_dataset_pre_quality_gate,dataset_view,
included_in_dataset_view,record appears in final_dataset_pre_quality_gate,normalized_record:rec_src_search_ff1cee7a6f74_013,normalized_record,dataset_view:final_dataset_pre_quality_gate,dataset_view,
included_in_dataset_view,record appears in final_dataset_pre_quality_gate,normalized_record:rec_src_search_ff1cee7a6f74_014,normalized_record,dataset_view:final_dataset_pre_quality_gate,dataset_view,
included_in_dataset_view,record appears in final_dataset_post_review,normalized_record:rec_src_search_ff1cee7a6f74_001,normalized_record,dataset_view:final_dataset_post_review,dataset_view,
included_in_dataset_view,record appears in final_dataset_post_review,normalized_record:rec_src_search_ff1cee7a6f74_003,normalized_record,dataset_view:final_dataset_post_review,dataset_view,
included_in_dataset_view,record appears in final_dataset_post_review,normalized_record:rec_src_search_ff1cee7a6f74_004,normalized_record,dataset_view:final_dataset_post_review,dataset_view,
included_in_dataset_view,record appears in final_dataset_post_review,normalized_record:rec_src_search_ff1cee7a6f74_007,normalized_record,dataset_view:final_dataset_post_review,dataset_view,
included_in_dataset_view,record appears in final_dataset_post_review,normalized_record:rec_src_search_ff1cee7a6f74_009,normalized_record,dataset_view:final_dataset_post_review,dataset_view,
included_in_dataset_view,record appears in surveillance_summary_records,normalized_record:rec_src_search_ff1cee7a6f74_001,normalized_record,dataset_view:surveillance_summary_records,dataset_view,
included_in_dataset_view,record appears in surveillance_summary_records,normalized_record:rec_src_search_ff1cee7a6f74_002,normalized_record,dataset_view:surveillance_summary_records,dataset_view,
included_in_dataset_view,record appears in surveillance_summary_records,normalized_record:rec_src_search_ff1cee7a6f74_003,normalized_record,dataset_view:surveillance_summary_records,dataset_view,
included_in_dataset_view,record appears in surveillance_summary_records,normalized_record:rec_src_search_ff1cee7a6f74_004,normalized_record,dataset_view:surveillance_summary_records,dataset_view,
included_in_dataset_view,record appears in surveillance_summary_records,normalized_record:rec_src_search_ff1cee7a6f74_005,normalized_record,dataset_view:surveillance_summary_records,dataset_view,
included_in_dataset_view,record appears in surveillance_summary_records,normalized_record:rec_src_search_ff1cee7a6f74_006,normalized_record,dataset_view:surveillance_summary_records,dataset_view,
included_in_dataset_view,record appears in surveillance_summary_records,normalized_record:rec_src_search_ff1cee7a6f74_007,normalized_record,dataset_view:surveillance_summary_records,dataset_view,
included_in_dataset_view,record appears in surveillance_summary_records,normalized_record:rec_src_search_ff1cee7a6f74_008,normalized_record,dataset_view:surveillance_summary_records,dataset_view,
included_in_dataset_view,record appears in surveillance_summary_records,normalized_record:rec_src_search_ff1cee7a6f74_009,normalized_record,dataset_view:surveillance_summary_records,dataset_view,
included_in_dataset_view,record appears in surveillance_summary_records,normalized_record:rec_src_search_ff1cee7a6f74_010,normalized_record,dataset_view:surveillance_summary_records,dataset_view,
included_in_dataset_view,record appears in surveillance_summary_records,normalized_record:rec_src_search_ff1cee7a6f74_011,normalized_record,dataset_view:surveillance_summary_records,dataset_view,
included_in_dataset_view,record appears in surveillance_summary_records,normalized_record:rec_src_search_ff1cee7a6f74_012,normalized_record,dataset_view:surveillance_summary_records,dataset_view,
included_in_dataset_view,record appears in surveillance_summary_records,normalized_record:rec_src_search_ff1cee7a6f74_013,normalized_record,dataset_view:surveillance_summary_records,dataset_view,
included_in_dataset_view,record appears in surveillance_summary_records,normalized_record:rec_src_search_ff1cee7a6f74_014,normalized_record,dataset_view:surveillance_summary_records,dataset_view,
included_in_dataset_view,record appears in unclassified_observation_records,normalized_record:rec_src_search_ff1cee7a6f74_004,normalized_record,dataset_view:unclassified_observation_records,dataset_view,
included_in_dataset_view,record appears in unclassified_observation_records,normalized_record:rec_src_search_ff1cee7a6f74_006,normalized_record,dataset_view:unclassified_observation_records,dataset_view,
included_in_dataset_view,record appears in unclassified_observation_records,normalized_record:rec_src_search_ff1cee7a6f74_009,normalized_record,dataset_view:unclassified_observation_records,dataset_view,
included_in_dataset_view,record appears in non_primary_observations,normalized_record:rec_src_search_ff1cee7a6f74_002,normalized_record,dataset_view:non_primary_observations,dataset_view,
included_in_dataset_view,record appears in non_primary_observations,normalized_record:rec_src_search_ff1cee7a6f74_005,normalized_record,dataset_view:non_primary_observations,dataset_view,
included_in_dataset_view,record appears in non_primary_observations,normalized_record:rec_src_search_ff1cee7a6f74_006,normalized_record,dataset_view:non_primary_observations,dataset_view,
included_in_dataset_view,record appears in non_primary_observations,normalized_record:rec_src_search_ff1cee7a6f74_010,normalized_record,dataset_view:non_primary_observations,dataset_view,
included_in_dataset_view,record appears in non_primary_observations,normalized_record:rec_src_search_ff1cee7a6f74_011,normalized_record,dataset_view:non_primary_observations,dataset_view,
included_in_dataset_view,record appears in non_primary_observations,normalized_record:rec_src_search_ff1cee7a6f74_012,normalized_record,dataset_view:non_primary_observations,dataset_view,
included_in_dataset_view,record appears in non_primary_observations,normalized_record:rec_src_search_ff1cee7a6f74_013,normalized_record,dataset_view:non_primary_observations,dataset_view,
included_in_dataset_view,record appears in non_primary_observations,normalized_record:rec_src_search_ff1cee7a6f74_014,normalized_record,dataset_view:non_primary_observations,dataset_view,
quarantined_as,record appears in quarantined_records,normalized_record:rec_src_search_ff1cee7a6f74_002,normalized_record,dataset_view:quarantined_records,dataset_view,
quarantined_as,record appears in quarantined_records,normalized_record:rec_src_search_ff1cee7a6f74_005,normalized_record,dataset_view:quarantined_records,dataset_view,
quarantined_as,record appears in quarantined_records,normalized_record:rec_src_search_ff1cee7a6f74_006,normalized_record,dataset_view:quarantined_records,dataset_view,
quarantined_as,record appears in quarantined_records,normalized_record:rec_src_search_ff1cee7a6f74_008,normalized_record,dataset_view:quarantined_records,dataset_view,
quarantined_as,record appears in quarantined_records,normalized_record:rec_src_search_ff1cee7a6f74_010,normalized_record,dataset_view:quarantined_records,dataset_view,
quarantined_as,record appears in quarantined_records,normalized_record:rec_src_search_ff1cee7a6f74_012,normalized_record,dataset_view:quarantined_records,dataset_view,
quarantined_as,record appears in quarantined_records,normalized_record:rec_src_search_ff1cee7a6f74_014,normalized_record,dataset_view:quarantined_records,dataset_view,
pending_review_as,record appears in pending_review_records,normalized_record:rec_src_search_ff1cee7a6f74_011,normalized_record,dataset_view:pending_review_records,dataset_view,
pending_review_as,record appears in pending_review_records,normalized_record:rec_src_search_ff1cee7a6f74_013,normalized_record,dataset_view:pending_review_records,dataset_view,
requires_review,matched provenance identifier,source:src_search_ff1cee7a6f74,source,human_review_item:review_claim_corroboration_review_corr_event_002,human_review_item,
requires_review,matched provenance identifier,claim:claim_rec_src_search_ff1cee7a6f74_008_cases_unspecified,claim,human_review_item:review_claim_corroboration_review_corr_event_002,human_review_item,
requires_review,matched provenance identifier,normalized_record:rec_src_search_ff1cee7a6f74_002,normalized_record,human_review_item:review_duplicate_event_001,human_review_item,
requires_review,matched provenance identifier,normalized_record:rec_src_search_ff1cee7a6f74_005,normalized_record,human_review_item:review_duplicate_event_001,human_review_item,
requires_review,matched provenance identifier,corroborated_event:event_001,corroborated_event,human_review_item:review_duplicate_event_001,human_review_item,
requires_review,matched provenance identifier,normalized_record:rec_src_search_ff1cee7a6f74_006,normalized_record,human_review_item:review_duplicate_event_001,human_review_item,
requires_review,matched provenance identifier,normalized_record:rec_src_search_ff1cee7a6f74_014,normalized_record,human_review_item:review_duplicate_event_002,human_review_item,
requires_review,matched provenance identifier,corroborated_event:event_002,corroborated_event,human_review_item:review_duplicate_event_002,human_review_item,
requires_review,matched provenance identifier,normalized_record:rec_src_search_ff1cee7a6f74_012,normalized_record,human_review_item:review_duplicate_event_002,human_review_item,
requires_review,matched provenance identifier,normalized_record:rec_src_search_ff1cee7a6f74_004,normalized_record,human_review_item:review_duplicate_event_003,human_review_item,
requires_review,matched provenance identifier,normalized_record:rec_src_search_ff1cee7a6f74_001,normalized_record,human_review_item:review_duplicate_event_003,human_review_item,
requires_review,matched provenance identifier,normalized_record:rec_src_search_ff1cee7a6f74_003,normalized_record,human_review_item:review_duplicate_event_003,human_review_item,
requires_review,matched provenance identifier,normalized_record:rec_src_search_ff1cee7a6f74_013,normalized_record,human_review_item:review_duplicate_event_004,human_review_item,
requires_review,matched provenance identifier,normalized_record:rec_src_search_ff1cee7a6f74_011,normalized_record,human_review_item:review_duplicate_event_004,human_review_item,
requires_review,matched provenance identifier,normalized_record:rec_src_search_ff1cee7a6f74_007,normalized_record,human_review_item:review_duplicate_event_005,human_review_item,
requires_review,matched provenance identifier,normalized_record:rec_src_search_ff1cee7a6f74_009,normalized_record,human_review_item:review_duplicate_event_006,human_review_item,
requires_review,matched provenance identifier,normalized_record:rec_src_search_ff1cee7a6f74_010,normalized_record,human_review_item:review_duplicate_event_007,human_review_item,
requires_review,matched provenance identifier,source:src_search_50b73d583e75,source,human_review_item:review_source_credibility_src_search_50b73d583e75,human_review_item,
requires_review,matched provenance identifier,source:src_search_1b15a2673061,source,human_review_item:review_core_metric_gap_src_search_1b15a2673061,human_review_item,
requires_review,matched provenance identifier,source:src_search_0a7b36e413fd,source,human_review_item:review_source_src_search_0a7b36e413fd,human_review_item,
requires_review,matched provenance identifier,source:src_search_0ecd29cced03,source,human_review_item:review_source_src_search_0ecd29cced03,human_review_item,
requires_review,matched provenance identifier,source:src_search_0fff1ff8aec5,source,human_review_item:review_source_src_search_0fff1ff8aec5,human_review_item,
requires_review,matched provenance identifier,source:src_search_275b134ca50b,source,human_review_item:review_source_src_search_275b134ca50b,human_review_item,
requires_review,matched provenance identifier,source:src_search_2803152d7acd,source,human_review_item:review_source_src_search_2803152d7acd,human_review_item,
requires_review,matched provenance identifier,source:src_search_2f0a4cb6cf21,source,human_review_item:review_source_src_search_2f0a4cb6cf21,human_review_item,
requires_review,matched provenance identifier,source:src_search_3c62a0b5d9d6,source,human_review_item:review_source_src_search_3c62a0b5d9d6,human_review_item,
requires_review,matched provenance identifier,source:src_search_3ca7d0dccaf3,source,human_review_item:review_source_src_search_3ca7d0dccaf3,human_review_item,
requires_review,matched provenance identifier,source:src_search_421d9a4e7d1c,source,human_review_item:review_source_src_search_421d9a4e7d1c,human_review_item,
requires_review,matched provenance identifier,source:src_search_50b73d583e75,source,human_review_item:review_source_src_search_50b73d583e75,human_review_item,
requires_review,matched provenance identifier,source:src_search_56888319c899,source,human_review_item:review_source_src_search_56888319c899,human_review_item,
requires_review,matched provenance identifier,source:src_search_56ae1d93a391,source,human_review_item:review_source_src_search_56ae1d93a391,human_review_item,
requires_review,matched provenance identifier,source:src_search_5d420ffb46a3,source,human_review_item:review_source_src_search_5d420ffb46a3,human_review_item,
requires_review,matched provenance identifier,source:src_search_788fc63b0a32,source,human_review_item:review_source_src_search_788fc63b0a32,human_review_item,
requires_review,matched provenance identifier,source:src_search_7a2a0b4aafab,source,human_review_item:review_source_src_search_7a2a0b4aafab,human_review_item,
requires_review,matched provenance identifier,source:src_search_7c93d846b7e6,source,human_review_item:review_source_src_search_7c93d846b7e6,human_review_item,
requires_review,matched provenance identifier,source:src_search_7edb5942f160,source,human_review_item:review_source_src_search_7edb5942f160,human_review_item,
requires_review,matched provenance identifier,source:src_search_ab285e09d5d1,source,human_review_item:review_source_src_search_ab285e09d5d1,human_review_item,
requires_review,matched provenance identifier,source:src_search_d4520b372d72,source,human_review_item:review_source_src_search_d4520b372d72,human_review_item,
