actual_publishers,canonical_count_value,conflicting_claim_ids,corroborated_event_id,corroboration_confidence,corroboration_reason,corroboration_status,count_field,count_semantics,country,date_or_period,disease,event_cluster_id,human_review_reason,independent_source_count,locality,needs_human_review,observation_type,official_source_support_count,primary_case_dataset_eligible,primary_claim_id,publishers,secondary_source_support_count,source_ids,source_independence_groups,source_urls,statistical_count_type,subnational_location,supporting_claim_ids,unverified_claim_ids,warnings
[],0.0,[],corr_event_001,0.7,Claim group classified as insufficient_information.,insufficient_information,cases_unspecified,case_count,United States of America,2024-08-31,West Nile Virus Disease,event_032,,1,,False,zero_case_statement,2,False,claim_rec_src_search_67a72fbb98c5_001_cases_unspecified,[],0,"[""src_search_67a72fbb98c5""]","[""domain:placermosquito_org""]","[""https://placermosquito.org/west-nile-information""]",unknown,"Placer County, California","[""claim_rec_src_search_67a72fbb98c5_001_cases_unspecified"", ""claim_rec_src_search_67a72fbb98c5_001_deaths""]",[],[]
"[""Centers for Disease Control and Prevention""]",0.0,"[""claim_rec_src_search_67a72fbb98c5_002_cases_unspecified"", ""claim_rec_src_search_67a72fbb98c5_002_deaths"", ""claim_rec_src_search_29301bcfe202_001_deaths"", ""claim_rec_src_search_29301bcfe202_002_cases_unspecified"", ""claim_rec_src_search_b9348b953aaa_001_cases_unspecified"", ""claim_rec_src_search_b9348b953aaa_004_cases_unspecified"", ""claim_rec_src_search_b9348b953aaa_005_cases_unspecified"", ""claim_rec_src_search_b9348b953aaa_006_deaths"", ""claim_rec_src_search_b9348b953aaa_007_cases_unspecified"", ""claim_rec_src_search_b9348b953aaa_008_cases_unspecified"", ""claim_rec_src_search_b9348b953aaa_009_cases_unspecified"", ""claim_rec_src_search_b9348b953aaa_010_cases_unspecified"", ""claim_rec_src_search_a39e4fa28013_001_cases_unspecified"", ""claim_rec_src_search_a39e4fa28013_006_cases_unspecified"", ""claim_rec_src_search_a39e4fa28013_007_cases_unspecified"", ""claim_rec_src_search_a39e4fa28013_008_deaths"", ""claim_rec_src_search_a39e4fa28013_009_cases_unspecified"", ""claim_rec_src_search_a39e4fa28013_010_cases_unspecified"", ""claim_rec_src_search_a39e4fa28013_011_cases_unspecified"", ""claim_rec_src_search_a39e4fa28013_012_cases_unspecified"", ""claim_rec_src_search_fc3322f3069f_001_cases_unspecified"", ""claim_rec_src_search_fc3322f3069f_001_deaths"", ""claim_rec_src_search_fc3322f3069f_002_cases_unspecified"", ""claim_rec_src_search_fc3322f3069f_002_deaths"", ""claim_rec_src_search_14d0fc5d0793_001_cases_unspecified"", ""claim_rec_src_search_14d0fc5d0793_003_cases_unspecified"", ""claim_rec_src_search_14d0fc5d0793_003_deaths"", ""claim_rec_src_search_26c03daad21f_001_cases_confirmed"", ""claim_rec_src_search_26c03daad21f_001_deaths"", ""claim_rec_src_search_26c03daad21f_002_cases_confirmed"", ""claim_rec_src_search_26c03daad21f_002_deaths"", ""claim_rec_src_search_1901d64d67f4_001_cases_unspecified"", ""claim_rec_src_search_1901d64d67f4_002_cases_unspecified"", ""claim_rec_src_search_1901d64d67f4_003_cases_unspecified"", ""claim_rec_src_search_1901d64d67f4_005_cases_unspecified"", ""claim_rec_src_search_1901d64d67f4_006_cases_unspecified"", ""claim_rec_src_search_1901d64d67f4_007_cases_unspecified"", ""claim_rec_src_search_1901d64d67f4_009_cases_confirmed"", ""claim_rec_src_search_1901d64d67f4_004_deaths"", ""claim_rec_src_search_1901d64d67f4_008_cases_confirmed"", ""claim_rec_src_search_1901d64d67f4_008_cases_probable"", ""claim_rec_src_search_1901d64d67f4_009_cases_probable""]",corr_event_002,0.7,Comparable public-health claims conflict and require review.,conflicting_claims,cases_unspecified,case_count,United States of America,2024-08-31,West Nile Virus Disease,event_027,Comparable public-health claims conflict and require review.,4,,True,zero_case_statement,40,False,claim_rec_src_search_67a72fbb98c5_002_cases_unspecified,"[""Centers for Disease Control and Prevention""]",2,"[""src_search_67a72fbb98c5"", ""src_search_29301bcfe202"", ""src_search_b9348b953aaa"", ""src_search_a39e4fa28013"", ""src_search_fc3322f3069f"", ""src_search_14d0fc5d0793"", ""src_search_26c03daad21f"", ""src_search_1901d64d67f4""]","[""domain:placermosquito_org"", ""domain:newsweek_com"", ""domain:westnile_ca_gov"", ""domain:avmosquito_org""]","[""https://placermosquito.org/west-nile-information"", ""https://www.newsweek.com/west-nile-virus-maps-show-cases-us-this-year-1947235"", ""https://westnile.ca.gov/download?download_id=5072"", ""https://westnile.ca.gov/download?download_id=5061"", ""https://westnile.ca.gov"", ""https://westnile.ca.gov/resources.php"", ""https://www.avmosquito.org/west-nile-virus-5a9ceef"", ""https://westnile.ca.gov/download?download_id=5027""]",unknown,California,[],[],"[""conflicting_claims""]"
[],13.0,"[""claim_rec_src_search_c0d70a141aca_001_cases_unspecified"", ""claim_rec_src_search_a39e4fa28013_002_cases_unspecified""]",corr_event_003,0.7,Comparable public-health claims conflict and require review.,conflicting_claims,cases_unspecified,case_count,United States of America,2024-08-31,West Nile Virus Disease,event_029,Comparable public-health claims conflict and require review.,2,,True,unspecified_case_record,3,False,claim_rec_src_search_c0d70a141aca_001_cases_unspecified,[],0,"[""src_search_c0d70a141aca"", ""src_search_a39e4fa28013""]","[""domain:theintersectionreports_org"", ""domain:westnile_ca_gov""]","[""https://theintersectionreports.org/west-nile-virus-spread-by-mosquitoes-claims-a-third-life-in-the-san-joaquin-valley"", ""https://westnile.ca.gov/download?download_id=5061""]",cumulative,"Kern County, California","[""claim_rec_src_search_c0d70a141aca_001_deaths""]",[],"[""conflicting_claims""]"
[],13.0,"[""claim_rec_src_search_c0d70a141aca_002_cases_unspecified"", ""claim_rec_src_search_a39e4fa28013_005_cases_unspecified""]",corr_event_004,0.7,Comparable public-health claims conflict and require review.,conflicting_claims,cases_unspecified,case_count,United States of America,2024-08-31,West Nile Virus Disease,event_035,Comparable public-health claims conflict and require review.,2,,True,unspecified_case_record,4,False,claim_rec_src_search_c0d70a141aca_002_cases_unspecified,[],0,"[""src_search_c0d70a141aca"", ""src_search_a39e4fa28013"", ""src_search_14d0fc5d0793""]","[""domain:theintersectionreports_org"", ""domain:westnile_ca_gov""]","[""https://theintersectionreports.org/west-nile-virus-spread-by-mosquitoes-claims-a-third-life-in-the-san-joaquin-valley"", ""https://westnile.ca.gov/download?download_id=5061"", ""https://westnile.ca.gov/resources.php""]",cumulative,"Tulare County, California","[""claim_rec_src_search_c0d70a141aca_002_deaths"", ""claim_rec_src_search_14d0fc5d0793_002_deaths""]",[],"[""conflicting_claims""]"
[],2.0,[],corr_event_005,0.7,Primary case claim has no independent corroborating source.,single_source_unverified,cases_unspecified,case_count,United States of America,2024-08-31,West Nile Virus Disease,event_034,Primary case claim has no independent corroborating source.,1,,True,unspecified_case_record,2,False,claim_rec_src_search_c0d70a141aca_003_cases_unspecified,[],0,"[""src_search_c0d70a141aca""]","[""domain:theintersectionreports_org""]","[""https://theintersectionreports.org/west-nile-virus-spread-by-mosquitoes-claims-a-third-life-in-the-san-joaquin-valley""]",cumulative,"Stanislaus County, California","[""claim_rec_src_search_c0d70a141aca_003_cases_unspecified"", ""claim_rec_src_search_c0d70a141aca_003_deaths""]","[""claim_rec_src_search_c0d70a141aca_003_cases_unspecified"", ""claim_rec_src_search_c0d70a141aca_003_deaths""]","[""single_source_unverified""]"
[],1.0,[],corr_event_006,0.7,Primary case claim has no independent corroborating source.,single_source_unverified,cases_unspecified,case_count,United States of America,2024-08-31,West Nile Virus Disease,event_028,Primary case claim has no independent corroborating source.,1,,True,unspecified_case_record,1,False,claim_rec_src_search_b9348b953aaa_002_cases_unspecified,[],0,"[""src_search_b9348b953aaa""]","[""domain:westnile_ca_gov""]","[""https://westnile.ca.gov/download?download_id=5072""]",newly_reported,"Fresno County, California","[""claim_rec_src_search_b9348b953aaa_002_cases_unspecified""]","[""claim_rec_src_search_b9348b953aaa_002_cases_unspecified""]","[""single_source_unverified""]"
[],1.0,[],corr_event_007,0.7,Primary case claim has no independent corroborating source.,single_source_unverified,cases_unspecified,case_count,United States of America,2024-08-31,West Nile Virus Disease,event_038,Primary case claim has no independent corroborating source.,1,,True,unspecified_case_record,1,False,claim_rec_src_search_b9348b953aaa_003_cases_unspecified,[],0,"[""src_search_b9348b953aaa""]","[""domain:westnile_ca_gov""]","[""https://westnile.ca.gov/download?download_id=5072""]",newly_reported,"Yolo County, California","[""claim_rec_src_search_b9348b953aaa_003_cases_unspecified""]","[""claim_rec_src_search_b9348b953aaa_003_cases_unspecified""]","[""single_source_unverified""]"
[],2.0,[],corr_event_008,0.7,Primary case claim has no independent corroborating source.,single_source_unverified,cases_unspecified,case_count,United States of America,2024-08-31,West Nile Virus Disease,event_031,Primary case claim has no independent corroborating source.,1,,True,unspecified_case_record,1,False,claim_rec_src_search_a39e4fa28013_003_cases_unspecified,[],0,"[""src_search_a39e4fa28013""]","[""domain:westnile_ca_gov""]","[""https://westnile.ca.gov/download?download_id=5061""]",newly_reported,"Los Angeles County, California","[""claim_rec_src_search_a39e4fa28013_003_cases_unspecified""]","[""claim_rec_src_search_a39e4fa28013_003_cases_unspecified""]","[""single_source_unverified""]"
[],2.0,[],corr_event_009,0.7,Primary case claim has no independent corroborating source.,single_source_unverified,cases_unspecified,case_count,United States of America,2024-08-31,West Nile Virus Disease,event_033,Primary case claim has no independent corroborating source.,1,,True,unspecified_case_record,1,False,claim_rec_src_search_a39e4fa28013_004_cases_unspecified,[],0,"[""src_search_a39e4fa28013""]","[""domain:westnile_ca_gov""]","[""https://westnile.ca.gov/download?download_id=5061""]",newly_reported,"Sacramento County, California","[""claim_rec_src_search_a39e4fa28013_004_cases_unspecified""]","[""claim_rec_src_search_a39e4fa28013_004_cases_unspecified""]","[""single_source_unverified""]"
